Company Name,Latest Date
ADIN,09.11.2024
ALK,09.11.2024
ALKB,09.11.2024
AMEH,09.11.2024
APTK,09.11.2024
ATPP,09.11.2024
AUMK,09.11.2024
BANA,09.11.2024
BGOR,09.11.2024
BIKF,09.11.2024
BIM,09.11.2024
BLTU,09.11.2024
CBNG,09.11.2024
CDHV,09.11.2024
CEVI,09.11.2024
CKB,09.11.2024
CKBKO,09.11.2024
DEBA,09.11.2024
DIMI,09.11.2024
EDST,09.11.2024
ELMA,09.11.2024
ELNC,09.11.2024
ENER,09.11.2024
ENSA,09.11.2024
EUHA,09.11.2024
EUMK,09.11.2024
EVRO,09.11.2024
FAKM,09.11.2024
FERS,09.11.2024
FKTL,09.11.2024
FROT,09.11.2024
FUBT,09.11.2024
GALE,09.11.2024
GDKM,09.11.2024
GECK,09.11.2024
GECT,09.11.2024
GIMS,09.11.2024
GRDN,09.11.2024
GRNT,09.11.2024
GRSN,09.11.2024
GRZD,09.11.2024
GTC,09.11.2024
GTRG,09.11.2024
IJUG,09.11.2024
INB,09.11.2024
INHO,09.11.2024
INOV,09.11.2024
INPR,09.11.2024
INTP,09.11.2024
JAKO,09.11.2024
JUSK,09.11.2024
KARO,09.11.2024
KDFO,09.11.2024
KJUBI,09.11.2024
KKST,09.11.2024
KLST,09.11.2024
KMB,09.11.2024
KMPR,09.11.2024
KOMU,09.11.2024
KONF,09.11.2024
KONZ,09.11.2024
KORZ,09.11.2024
KPSS,09.11.2024
KULT,09.11.2024
KVAS,09.11.2024
LAJO,09.11.2024
LHND,09.11.2024
LOTO,09.11.2024
LOZP,09.11.2024
MAGP,09.11.2024
MAKP,09.11.2024
MAKS,09.11.2024
MB,09.11.2024
MERM,09.11.2024
MKSD,09.11.2024
MLKR,09.11.2024
MODA,09.11.2024
MPOL,09.11.2024
MPT,09.11.2024
MPTE,09.11.2024
MTUR,09.11.2024
MZHE,09.11.2024
MZPU,09.11.2024
NEME,09.11.2024
NOSK,09.11.2024
OBPP,09.11.2024
OILK,09.11.2024
OKTA,09.11.2024
OMOS,09.11.2024
OPFO,09.11.2024
OPTK,09.11.2024
ORAN,09.11.2024
OSPO,09.11.2024
OTEK,09.11.2024
PELK,09.11.2024
PGGV,09.11.2024
PKB,09.11.2024
POPK,09.11.2024
PPIV,09.11.2024
PROD,09.11.2024
PROT,09.11.2024
PTRS,09.11.2024
RADE,09.11.2024
REPL,09.11.2024
RIMI,09.11.2024
RINS,09.11.2024
RZEK,09.11.2024
RZIT,09.11.2024
RZIZ,09.11.2024
RZLE,09.11.2024
RZLV,09.11.2024
RZTK,09.11.2024
RZUG,09.11.2024
RZUS,09.11.2024
SBT,09.11.2024
SDOM,09.11.2024
SIL,09.11.2024
SKON,09.11.2024
SKP,09.11.2024
SLAV,09.11.2024
SNBT,09.11.2024
SNBTO,09.11.2024
SOLN,09.11.2024
SPAZ,09.11.2024
SPAZP,09.11.2024
SPOL,09.11.2024
SSPR,09.11.2024
STB,09.11.2024
STBP,09.11.2024
STIL,09.11.2024
STOK,09.11.2024
TAJM,09.11.2024
TBKO,09.11.2024
TEAL,09.11.2024
TEHN,09.11.2024
TEL,09.11.2024
TETE,09.11.2024
TIKV,09.11.2024
TKPR,09.11.2024
TKVS,09.11.2024
TNB,09.11.2024
TRDB,09.11.2024
TRPS,09.11.2024
TRUB,09.11.2024
TSMP,09.11.2024
TSZS,09.11.2024
TTK,09.11.2024
TTKO,09.11.2024
UNI,09.11.2024
USJE,09.11.2024
VARG,09.11.2024
VFPM,09.11.2024
VITA,09.11.2024
VROS,09.11.2024
VSC,09.11.2024
VTKS,09.11.2024
ZAS,09.11.2024
ZILU,09.11.2024
ZILUP,09.11.2024
ZIMS,09.11.2024
ZKAR,09.11.2024
ZPKO,09.11.2024
ZPOG,09.11.2024
ZUAS,09.11.2024
